Question,Answer
What is a carbon footprint?,"A carbon footprint is the total amount of greenhouse gases, including CO2, that are produced by our activities."
What are CO2 emissions?,"CO2 emissions are the release of carbon dioxide into the atmosphere, mainly from burning fossil fuels like coal, oil, and gas."
What is a supply chain?,"A supply chain is the entire process of making and delivering a product or service, which often involves CO2 emissions from transportation and manufacturing."
How can I reduce CO2 emissions?,"You can reduce CO2 emissions by using energy-efficient appliances, driving less, using public transport, and choosing renewable energy sources like solar or wind power."
What are greenhouse gases?,"Greenhouse gases are gases that trap heat in the atmosphere, leading to global warming. Examples include CO2, methane, and nitrous oxide."
How does driving impact CO2 emissions?,Cars that burn fuel emit CO2. Driving less or switching to electric or hybrid cars can reduce these emissions.
How does renewable energy help reduce emissions?,"Renewable energy sources, such as solar and wind, produce little to no CO2 emissions compared to fossil fuels, making them better for the environment."
Why is public transportation better for the environment?,"Public transport can move more people efficiently, which reduces the CO2 emissions per person compared to driving a car alone."
What is the role of electric vehicles in reducing emissions?,"Electric vehicles produce zero tailpipe emissions and can greatly reduce CO2 emissions, especially if powered by renewable energy."
What are some daily habits to decrease my carbon footprint?,"Some daily habits include turning off lights when not in use, using less water, choosing locally produced food, and recycling more often."
What is green energy?,"Green energy refers to energy generated from renewable and non-polluting sources like solar, wind, hydro, and geothermal energy."
What is the impact of deforestation on CO2 emissions?,"Deforestation increases CO2 emissions because trees absorb CO2. Fewer trees mean more CO2 stays in the atmosphere, contributing to global warming."
How do trees reduce CO2 emissions?,"Trees absorb CO2 during photosynthesis and release oxygen, which helps balance atmospheric CO2 levels and fight climate change."
What is carbon offsetting?,Carbon offsetting is compensating for CO2 emissions by funding projects like reforestation or renewable energy to balance out emissions produced elsewhere.
How can industries reduce their emissions?,"Industries can reduce emissions by improving energy efficiency, using cleaner technologies, and switching to renewable energy sources."
Why is reducing CO2 important for climate change?,"Reducing CO2 is vital because excess CO2 in the atmosphere contributes to global warming, causing climate change and extreme weather."
What is the Paris Agreement?,The Paris Agreement is an international treaty that aims to limit global warming to well below 2Â°C by reducing global greenhouse gas emissions.
How can cycling reduce CO2 emissions?,"Cycling emits no CO2 and is a healthy, zero-emission mode of transportation that can replace short car trips."
Is carpooling good for the environment?,"Carpooling reduces the number of cars on the road, which decreases CO2 emissions and saves fuel costs for everyone involved."
How can I make my home more energy efficient?,"You can improve home energy efficiency by using LED lighting, insulating walls, using smart thermostats, and choosing energy-efficient appliances."
